{"cameraMode":{"drawMode":0,"name":"Shaded","section":"Shading Mode"},"sceneLighting":false,"audioPlay":false,"sceneViewState":{"showFog":true,"showMaterialUpdate":false,"showSkybox":true,"showFlares":true,"showImageEffects":true,"showParticleSystems":true},"in2DMode":false,"pivot":{"x":0.508638322353363,"y":1.635554313659668,"z":-2.8770689964294435},"rotation":{"x":-0.34786224365234377,"y":0.0973467081785202,"z":-0.036342646926641467,"w":-0.9317697286605835},"size":4.357883930206299,"orthographic":false}